dd,mm,zz,pp,departamento,municipio,puesto,mesa,estrato
64,001,98,01,PUTUMAYO,MOCOA,CARCEL  - CASA DE JUSTICIA,1,carcel
64,001,99,41,PUTUMAYO,MOCOA,VEREDA  PUEBLO  VIEJO,2,rural
05,059,99,31,BOLIVAR,PINILLOS,PUERTO  LOPEZ,3,rural
05,022,99,17,BOLIVAR,EL CARMEN DE BOLIVAR,MACAYEPO,4,rural
13,010,99,13,CORDOBA,CERETE,I.E JULIAN  PINTO BUENDIA BTO MATEO  GOMEZ,12,rural
23,055,99,04,NARIÑO,GUAITARILLA,GIRARDOT,2,rural
31,010,99,09,VALLE,ANSERMANUEVO,EL VERGEL,2,rural
27,172,99,07,SANTANDER,RIONEGRO,EL BAMBU,2,rural
13,055,99,15,CORDOBA,SAN PELAYO,PELAYITO,3,rural
23,055,99,03,NARIÑO,GUAITARILLA,ESPERANZA,1,rural
24,001,99,30,RISARALDA,PEREIRA,TRIBUNAS CORCEGA,8,rural
11,005,99,06,CAUCA,ARGELIA,EL PLATEADO,10,rural
01,001,99,B3,ANTIOQUIA,MEDELLIN,IE LUSITANIA,3,rural
52,027,99,50,META,EL CASTILLO,MEDELLIN DEL ARIARI,1,rural
05,013,99,13,BOLIVAR,CALAMAR,HATO VIEJO,10,rural
21,013,99,05,MAGDALENA,CERRO  DE SAN ANTONIO,CANDELARIA,1,rural
24,021,99,10,RISARALDA,BELEN DE UMBRIA,ANDICA,2,rural
19,061,99,01,HUILA,PITALITO,IE MPAL JOSE EUSTASIO RIVERA-SD PPAL,19,rural
17,006,99,26,CHOCO,ALTO BAUDO  (PIE DE PATO),PAVARANDO,1,rural
11,005,99,06,CAUCA,ARGELIA,EL PLATEADO,14,rural
11,007,99,13,CAUCA,BOLIVAR,LERMA,2,rural
05,022,99,10,BOLIVAR,EL CARMEN DE BOLIVAR,GUAMANGA,2,rural
26,010,99,10,QUINDIO,CALARCA,BARCELONA,15,rural
24,078,99,28,RISARALDA,QUINCHIA,IRRA,3,rural
01,214,99,B2,ANTIOQUIA,RIONEGRO,AUDITORIO AEROPUERTO CORR. J.M.C.,8,rural
01,133,99,10,ANTIOQUIA,GIRARDOTA,I.E.R. SAN DIEGO,4,rural
01,117,99,60,ANTIOQUIA,EL BAGRE,ESCUELA RURAL PUERTO  CLAVER,10,rural
01,001,99,B3,ANTIOQUIA,MEDELLIN,IE LUSITANIA,31,rural
17,038,99,A1,CHOCO,EL LITORAL  DEL SAN JUAN,GUACHAL,1,rural
13,058,99,22,CORDOBA,TIERRALTA,NUEVO  CEIBAL,2,rural
11,052,99,07,CAUCA,MORALES,EL MEZON,1,rural
21,008,99,35,MAGDALENA,ALGARROBO,LOMA  DE BALSAMO,5,rural
31,124,99,01,VALLE,ZARZAL,LA PAILA,3,rural
31,013,99,06,VALLE,ARGELIA,LA PAZ,1,rural
15,019,99,01,CUNDINAMARCA,BELTRAN,PAQUILO,1,rural
01,280,99,04,ANTIOQUIA,TURBO,I.E. PUERTO  CESAR,1,rural
31,082,99,67,VALLE,PRADERA,VALLECITO,1,rural
23,067,99,03,NARIÑO,IPIALES,LAS CRUCES,5,rural
21,095,99,28,MAGDALENA,ZONA BANANERA (SEVILLA),ORIHUECA,23,rural
26,060,99,34,QUINDIO,MONTENEGRO,PUEBLO  TAPAO,1,rural
01,154,99,21,ANTIOQUIA,ITUANGO,CASA DE LA CULTURA SANTA  RITA DE ITUANGO,6,rural
23,123,99,30,NARIÑO,SAN PEDRO  DE CARTAGO,GOMEZ,1,rural
31,046,99,01,VALLE,EL CAIRO,ALBAN,2,rural
28,041,99,10,SUCRE,COVEÑAS,BOCA DE LA CIENAGA,1,rural
31,055,99,20,VALLE,FLORIDA,LA ACEQUIA,1,rural
21,052,99,06,MAGDALENA,PLATO,AGUAS  VIVAS,3,rural
13,037,99,45,CORDOBA,SAHAGUN,SAN ANTONIO,3,rural
31,124,99,09,VALLE,ZARZAL,VALLEJUELO,3,rural
54,001,99,21,GUAVIARE,SAN JOSE DEL GUAVIARE,IE AGUA  BONITA  SD RAFAEL  POMBO  PPAL,1,rural
11,043,99,02,CAUCA,LOPEZ  (MICAY),BAJO SIGUI,1,rural
23,052,99,09,NARIÑO,GUACHUCAL,MUELLAMUES,5,rural
01,001,99,B1,ANTIOQUIA,MEDELLIN,IE SAN CRISTOBAL,21,rural
23,044,99,10,NARIÑO,EL PEÑOL,LAS COCHAS,1,rural
31,106,99,27,VALLE,TULUA,AGUACLARA NUESTRA SEÑORA  DEL CARMEN,2,rural
19,040,99,12,HUILA,GUADALUPE,MIRAFLORES,5,rural
05,026,99,32,BOLIVAR,HATILLO DE LOBA,LA VICTORIA,7,rural
11,043,99,07,CAUCA,LOPEZ  (MICAY),CANDELARIA,1,rural
13,037,99,33,CORDOBA,SAHAGUN,MORROCOY,3,rural
26,010,99,52,QUINDIO,CALARCA,LA BELLA,3,rural
17,006,99,28,CHOCO,ALTO BAUDO  (PIE DE PATO),YUCAL,1,rural
23,095,99,30,NARIÑO,OLAYA  HERRERA,QUINTILIANO AGUIRRE,1,rural
23,139,99,37,NARIÑO,TUMACO,BOCAS DE GUABAL,1,rural
05,043,99,41,BOLIVAR,MOMPOS,LAS BOQUILLAS,4,rural
27,211,99,01,SANTANDER,TONA,BERLIN,2,rural
25,001,02,02,NORTE DE SAN,CUCUTA,MERCEDES ABREGO SEDE JARDIN  NACIONAL,14,urbano
16,001,07,07,BOGOTA D.C.,BOGOTA. D.C.,PIAMONTE,7,urbano
27,001,01,06,SANTANDER,BUCARAMANGA,CENTRO  VIDA KENNEDY,12,urbano
01,214,04,01,ANTIOQUIA,RIONEGRO,ESC EDUARDO URIBE BOTERO,8,urbano
01,001,28,05,ANTIOQUIA,MEDELLIN,COL. SAN JOSE DE LAS VEGAS,15,urbano
25,001,07,05,NORTE DE SAN,CUCUTA,COL BUENOS AIRES,6,urbano
31,001,07,02,VALLE,CALI,ESCUELA LAS AMERICAS,24,urbano
16,001,10,24,BOGOTA D.C.,BOGOTA. D.C.,FLORENCIA,5,urbano
05,001,13,04,BOLIVAR,CARTAGENA,IE NUESTRO ESFUERZO,21,urbano
05,001,22,05,BOLIVAR,CARTAGENA,IE SEDE EMILIANO ALCALA  ROMERO,3,urbano
01,300,00,01,ANTIOQUIA,YONDO-CASABE,IE LUIS EDUARDO DIAZ SECCION PRIMARIA,3,urbano
16,001,10,03,BOGOTA D.C.,BOGOTA. D.C.,NORMANDIA,16,urbano
03,034,00,01,ATLANTICO,POLONUEVO,IE MADRE  BERNARDA,18,urbano
29,001,04,04,TOLIMA,IBAGUE,IE NIÑO JESUS DE PRAGA  SEDE 1,23,urbano
05,079,02,01,BOLIVAR,SAN JUAN NEPOMUCENO,INS.ED.NOR.SUP.M.DE MARIA  PRI,6,urbano
31,076,00,00,VALLE,OBANDO,PUESTO  CABECERA MUNICIPAL,15,urbano
01,049,04,03,ANTIOQUIA,BELLO,INST. UNIVERSITARIA MARCO  FIDEL SUAREZ,25,urbano
16,001,08,53,BOGOTA D.C.,BOGOTA. D.C.,GEMA,2,urbano
01,001,11,04,ANTIOQUIA,MEDELLIN,I.E. DOCE DE OCTUBRE,6,urbano
16,001,19,06,BOGOTA D.C.,BOGOTA. D.C.,LUCERO  MEDIO,9,urbano
16,001,19,29,BOGOTA D.C.,BOGOTA. D.C.,COLEGIO DISTRITAL GIMNASIO SABIO CALDAS,37,urbano
16,001,13,16,BOGOTA D.C.,BOGOTA. D.C.,SANTA  TERESITA,2,urbano
01,088,02,04,ANTIOQUIA,CAUCASIA,I.E. MARCO  FIDEL SUAREZ,6,urbano
48,011,02,01,LA GUAJIRA,MANAURE,INST.EDUC.EUSEBIO SEPTIMO MAR,12,urbano
25,001,08,03,NORTE DE SAN,CUCUTA,COL RAFAEL  URIBE URIBE,11,urbano
26,001,09,05,QUINDIO,ARMENIA,IE CASD SEDE SANTA  EUFRACIA,20,urbano
01,001,16,01,ANTIOQUIA,MEDELLIN,SEC. ESC. VILLA TURBAY,14,urbano
05,001,18,04,BOLIVAR,CARTAGENA,UNIVERSIDAD SAN BUENAVENTURA,22,urbano
13,037,02,06,CORDOBA,SAHAGUN,NUESTRA SEÑORA  DE LA SALUD,8,urbano
31,049,01,04,VALLE,EL CERRITO,COLEGIO JORGE ISAAC,13,urbano
01,001,06,02,ANTIOQUIA,MEDELLIN,I.E. HERNAN TORO AGUDELO,37,urbano
15,034,00,00,CUNDINAMARCA,CAPARRAPI,PUESTO  CABECERA MUNICIPAL,3,urbano
05,005,00,00,BOLIVAR,ARENAL,PUESTO  CABECERA MUNICIPAL,1,urbano
01,049,90,02,ANTIOQUIA,BELLO,UNIVERSIDAD PUBLICA DE BELLO,10,urbano
31,001,07,01,VALLE,CALI,POLIDEPORTIVO LOS GUADUALES,28,urbano
25,061,02,03,NORTE DE SAN,OCAÑA,INSTITUTO TECNICO INDUSTRIAL,15,urbano
01,001,30,01,ANTIOQUIA,MEDELLIN,I.E. FATIMA  NUTIBARA,28,urbano
11,064,90,01,CAUCA,PUERTO  TEJADA,COLEGIO SAN PEDRO  CLAVER,11,urbano
05,118,01,01,BOLIVAR,TURBACO,INST EDC CRISANTO LUQUE,26,urbano
23,001,05,02,NARIÑO,PASTO,IEM INEM SEDE ESC.AGUSTIN AGUA,12,urbano
16,001,05,18,BOGOTA D.C.,BOGOTA. D.C.,EL BOSQUE,15,urbano
01,142,01,03,ANTIOQUIA,GUARNE,I.E. EL SANGO,4,urbano
12,001,04,01,CESAR,VALLEDUPAR,IE MAYOR  V/DUPAR CESAR  POMPEYO MENDOZA,33,urbano
03,019,00,00,ATLANTICO,LURUACO,PUESTO  CABECERA MUNICIPAL,36,urbano
17,001,01,03,CHOCO,QUIBDO,IE ARMANDO LUNA ROA,14,urbano
01,218,02,01,ANTIOQUIA,SABANETA,COL PADRE RAMON  ARCILA  R,3,urbano
23,067,02,02,NARIÑO,IPIALES,IE SEMINARIO SD 1,24,urbano
50,087,00,00,GUAINIA,PANA PANA (CAMPO ALEGRE,Corregimiento Departamental,1,urbano
31,001,25,04,VALLE,CALI,UNIVALLE SEDE MELENDEZ,7,urbano
24,086,01,05,RISARALDA,SANTA  ROSA DE CABAL,IE LABOURE,21,urbano
31,049,02,02,VALLE,EL CERRITO,COL. SAGRADO CORAZON,20,urbano
24,001,06,03,RISARALDA,PEREIRA,GOBERNACION DE RISARALDA,8,urbano
01,150,00,00,ANTIOQUIA,HISPANIA,I.E. AURA MARIA  VALENCIA,11,urbano
16,001,07,01,BOGOTA D.C.,BOGOTA. D.C.,BOSA,5,urbano
01,214,03,01,ANTIOQUIA,RIONEGRO,IE SAN ANTONIO,26,urbano
16,001,13,18,BOGOTA D.C.,BOGOTA. D.C.,TEUSAQUILLO,6,urbano
16,001,19,12,BOGOTA D.C.,BOGOTA. D.C.,CANDELARIA LA NUEVA,6,urbano
15,301,00,00,CUNDINAMARCA,UBAQUE,PUESTO  CABECERA MUNICIPAL,18,urbano
16,001,07,62,BOGOTA D.C.,BOGOTA. D.C.,CC GRAN PLAZA  BOSA,6,urbano
46,680,02,02,CASANARE,PAZ DE ARIPORO (MORENO),IE FRANCISCO JOSE DE CALDAS,10,urbano
01,205,02,04,ANTIOQUIA,PUERTO  BERRIO,CENTRO  DIA,6,urbano
09,133,00,01,CALDAS,VITERBO,PUESTO  CABECERA MUNICIPAL,20,urbano
19,001,05,04,HUILA,NEIVA,I.E. IPC ANDRES  ROSAS,24,urbano
17,022,00,00,CHOCO,JURADO,PUESTO  CABECERA MUNICIPAL,11,urbano
19,022,01,01,HUILA,CAMPOALEGRE,I.E. EUGENIO FERRO  FALLA,7,urbano
01,256,02,01,ANTIOQUIA,SANTUARIO,ESCUELA CLARA  ZULUAGA,21,urbano
09,001,08,05,CALDAS,MANIZALES,I E SAN PIO X SEDE C LA CAPILLA,2,urbano
05,001,13,02,BOLIVAR,CARTAGENA,CENTRO  COLOMBIATON GUSTAVO PULECIO,22,urbano
40,017,00,01,ARAUCA,FORTUL,POLIDEPORTIVO MUNICIPAL,16,urbano
23,001,04,01,NARIÑO,PASTO,LICEO JOSE FELIX JIMENEZ,5,urbano
01,301,00,01,ANTIOQUIA,ZARAGOZA,IE SANTO  CRISTO  DE ZARAGOZA,26,urbano
17,013,00,00,CHOCO,CONDOTO,PUESTO  CABECERA MUNICIPAL,1,urbano
68,004,00,00,VAUPES,CARURU,PUESTO  CABECERA MUNICIPAL,1,urbano
03,004,01,04,ATLANTICO,BARANOA,IE DE BARANOA JULIO PANTOJA M. SD 3,2,urbano
16,001,19,15,BOGOTA D.C.,BOGOTA. D.C.,ISMAEL  PERDOMO,7,urbano
16,001,10,06,BOGOTA D.C.,BOGOTA. D.C.,EL LUJAN,18,urbano
03,052,04,03,ATLANTICO,SOLEDAD,I.E. SAGRADO CORAZON S. MARGARITA,28,urbano
13,013,02,02,CORDOBA,CIENAGA DE ORO,I.E.MADRE BERNARDA SEDE CENTR,4,urbano
24,094,00,00,RISARALDA,SANTUARIO,PUESTO  CABECERA MUNICIPAL,5,urbano
03,001,09,03,ATLANTICO,BARRANQUILLA,I.E.D. ZAPATA  OLIVELLA,15,urbano
52,035,02,02,META,GRANADA,ESCUELA ALFONSO MONTOYA PAVA,6,urbano
11,076,02,05,CAUCA,SANTANDER DE QUILICHAO,ANA JOSEFA  MORALES DUQUE,4,urbano
29,001,06,04,TOLIMA,IBAGUE,IE CARLOS  LLERAS  RESTREPO SD SALADO,23,urbano
13,001,04,02,CORDOBA,MONTERIA,COLEGIO JUAN PABLO  II,1,urbano
03,001,31,05,ATLANTICO,BARRANQUILLA,ANTONIO JOSE DE SUCRE SEDE 1,18,urbano
05,063,00,00,BOLIVAR,REGIDOR,PUESTO  CABECERA MUNICIPAL,4,urbano
25,100,02,03,NORTE DE SAN,VILLA DEL ROSARIO,MEGA  COLEGIO LA FRONTERA,32,urbano
01,001,29,03,ANTIOQUIA,MEDELLIN,I.E.CRISTO REY,17,urbano
25,001,08,03,NORTE DE SAN,CUCUTA,COL RAFAEL  URIBE URIBE,34,urbano
12,850,00,00,CESAR,SAN DIEGO,PUESTO  CABECERA MUNICIPAL,8,urbano
03,001,31,05,ATLANTICO,BARRANQUILLA,ANTONIO JOSE DE SUCRE SEDE 1,29,urbano
15,118,00,00,CUNDINAMARCA,GUASCA,PUESTO  CABECERA MUNICIPAL,24,urbano
26,001,09,05,QUINDIO,ARMENIA,IE CASD SEDE SANTA  EUFRACIA,7,urbano
13,028,01,01,CORDOBA,PLANETA RICA,COL NUESTRA SEÑORA  DE LA CANDE,6,urbano
19,074,00,00,HUILA,SANTA  MARIA,PUESTO  CABECERA MUNICIPAL,2,urbano
16,001,17,04,BOGOTA D.C.,BOGOTA. D.C.,ARCHIVO DISTRITAL,20,urbano
01,241,00,00,ANTIOQUIA,SAN ROQUE,IE NORMAL SUPERIOR SAN ROQUE,11,urbano
01,049,04,02,ANTIOQUIA,BELLO,I.E DIVINA  EUCARISTIA,1,urbano
01,001,29,02,ANTIOQUIA,MEDELLIN,I.E.BENJAMIN HERRERA,1,urbano
15,076,01,01,CUNDINAMARCA,FACATATIVA,COLEGIO DEPTAL  CARTAGENITA,21,urbano
25,001,05,03,NORTE DE SAN,CUCUTA,INEM,29,urbano
21,012,01,01,MAGDALENA,ARIGUANI (EL DIFICIL),LICEO ARIGUANI,13,urbano
01,106,02,02,ANTIOQUIA,CHIGORODO,I. E. MARIA  AUXILIADORA,4,urbano
28,080,00,00,SUCRE,MORROA,PUESTO  CABECERA MUNICIPAL,30,urbano
29,001,08,05,TOLIMA,IBAGUE,IE JOSE JOAQUIN FLOREZ  SEDE 1,14,urbano
46,520,00,02,CASANARE,MANI,LUIS ENRIQUE BARON  LEAL,12,urbano
16,001,11,91,BOGOTA D.C.,BOGOTA. D.C.,JUAN LOZANO Y LOZANO SEDE B - IED,2,urbano
16,001,11,06,BOGOTA D.C.,BOGOTA. D.C.,TIBABUYES UNIVERSAL SEDE A - IED,14,urbano
29,094,00,00,TOLIMA,PURIFICACION,PUESTO  CABECERA MUNICIPAL,13,urbano
16,001,05,25,BOGOTA D.C.,BOGOTA. D.C.,TENERIFE,8,urbano
24,078,00,01,RISARALDA,QUINCHIA,COLISEO CUBIERTO JUAN GUILLERMO ANGEL,5,urbano
01,262,02,01,ANTIOQUIA,SONSON,IE BRAULIO MEJIA,3,urbano
27,160,01,01,SANTANDER,PIEDECUESTA,COL BALBINO GARCIA  SEDE A,3,urbano
13,058,01,03,CORDOBA,TIERRALTA,INST. EDUCATIVA MADRE  LAURA,2,urbano
29,001,10,02,TOLIMA,IBAGUE,IE GUILLERMO ANGULO GOMEZ  SEDE,3,urbano
44,001,02,03,CAQUETA,FLORENCIA,I.E. BARRIOS UNIDOS  DEL SUR,21,urbano
16,001,10,20,BOGOTA D.C.,BOGOTA. D.C.,LAS FERIAS,18,urbano
15,247,06,03,CUNDINAMARCA,SOACHA,I.E. SOL NACIENTE,11,urbano
05,028,01,02,BOLIVAR,MAGANGUE,COLEGIO DPTAL YATI,7,urbano
01,001,20,01,ANTIOQUIA,MEDELLIN,AUDITORIO CC SAN DIEGO  TORRE NTE PISO 11,10,urbano
31,001,19,05,VALLE,CALI,CENTRO  DE CAPACITACION DON BOSCO,12,urbano
27,076,00,00,SANTANDER,ENCINO,PUESTO  CABECERA MUNICIPAL,4,urbano
19,001,03,03,HUILA,NEIVA,COL.SALESIANO SAN MEDARDO,11,urbano
01,295,01,06,ANTIOQUIA,YARUMAL,COL.CUBIERTO POLIDEP.DEL CAFE,13,urbano
23,046,00,00,NARIÑO,EL TAMBO,PUESTO  CABECERA MUNICIPAL,13,urbano
07,001,03,06,BOYACA,TUNJA,COLISEO UNIBOYACA,3,urbano
31,001,07,01,VALLE,CALI,POLIDEPORTIVO LOS GUADUALES,1,urbano
01,070,02,02,ANTIOQUIA,CALDAS,I.E. JOAQUIN ARISTIZABAL,9,urbano
01,001,28,03,ANTIOQUIA,MEDELLIN,UNIVERSIDAD EAFIT,3,urbano
05,001,08,04,BOLIVAR,CARTAGENA,UNIV. DE CARTAGENA CLAUSTRO LA MERCED,3,urbano
01,001,20,02,ANTIOQUIA,MEDELLIN,ALCALDIA MUNICIPAL (SOTANO),13,urbano
31,001,08,04,VALLE,CALI,ESCUELA ATANASIO GIRARDOT,6,urbano
26,001,08,03,QUINDIO,ARMENIA,COL SAGRADO CORAZON DE JESUS B,7,urbano
16,001,11,44,BOGOTA D.C.,BOGOTA. D.C.,SIMON  BOLIVAR - IED,13,urbano
25,001,06,05,NORTE DE SAN,CUCUTA,INST EDUCATIVA SAN JOSE,11,urbano
25,004,01,02,NORTE DE SAN,ABREGO,ESCUELA BOLIVAR,7,urbano
16,001,10,11,BOGOTA D.C.,BOGOTA. D.C.,GARCES  NAVAS,38,urbano
23,001,05,01,NARIÑO,PASTO,IEM.LIBERTAD,20,urbano
16,001,05,38,BOGOTA D.C.,BOGOTA. D.C.,NUSADAL,2,urbano
16,001,19,12,BOGOTA D.C.,BOGOTA. D.C.,CANDELARIA LA NUEVA,5,urbano
25,001,09,01,NORTE DE SAN,CUCUTA,COL NTRA SRA DE BELEN 23 VARON,16,urbano
09,001,05,01,CALDAS,MANIZALES,I.E. LA ASUNCION SEDE A,3,urbano
03,001,03,02,ATLANTICO,BARRANQUILLA,COLEGIO AMERICANO,5,urbano
01,121,05,03,ANTIOQUIA,ENVIGADO,COL CUMBRES,4,urbano
01,078,00,00,ANTIOQUIA,CARACOLI,I.E. GABRIEL CORREA  VELEZ,8,urbano
16,001,08,14,BOGOTA D.C.,BOGOTA. D.C.,COLEGIO TOM ADAMS,1,urbano
15,076,02,01,CUNDINAMARCA,FACATATIVA,INSTITUTO  TECNICO  INDUSTRIAL,9,urbano
01,220,00,00,ANTIOQUIA,SALGAR,IE JULIO RESTREPO,29,urbano
28,041,00,00,SUCRE,COVEÑAS,PUESTO  CABECERA MUNICIPAL,13,urbano
23,031,00,00,NARIÑO,CORDOBA,PUESTO  CABECERA MUNICIPAL,23,urbano
15,109,01,01,CUNDINAMARCA,GIRARDOT,COLEGIO AMERICANO,10,urbano
16,001,01,29,BOGOTA D.C.,BOGOTA. D.C.,"COLEGIO TOBERIN ""B""",14,urbano
52,001,90,01,META,VILLAVICENCIO,IE COLEGIO FEMENINO DE BACHILLERATO,6,urbano
03,037,02,01,ATLANTICO,PUERTO  COLOMBIA,I.E.T.C.FCO.JAVIER CISNEROS,2,urbano
27,082,02,05,SANTANDER,FLORIDABLANCA,UNAB CAMPUS EL BOSQUE,2,urbano
01,001,10,03,ANTIOQUIA,MEDELLIN,I.E. DINAMARCA,11,urbano
01,001,09,05,ANTIOQUIA,MEDELLIN,SEC ESC TRICENTENARIO,21,urbano
19,070,00,00,HUILA,SAN AGUSTIN,PUESTO  CABECERA MUNICIPAL,38,urbano
09,079,00,00,CALDAS,PACORA,PUESTO  CABECERA MUNICIPAL,20,urbano
03,052,13,03,ATLANTICO,SOLEDAD,C PARA EL DES. AGROECOLO Y AGROINDUST NO,8,urbano
48,001,01,03,LA GUAJIRA,RIOHACHA,I.E. LICEO ALMIRANTE PADILLA,28,urbano
27,013,02,02,SANTANDER,BARBOSA,COL PARROQUIAL SAN LUIS GONZAG,14,urbano
44,001,02,02,CAQUETA,FLORENCIA,I.E. ANTONIO RICAURTE,1,urbano
03,001,22,03,ATLANTICO,BARRANQUILLA,COLEGIO MADRE  MARIA  SARA ALVARADO,1,urbano
16,001,03,23,BOGOTA D.C.,BOGOTA. D.C.,UNIVERSIDAD CENTRAL,6,urbano
03,001,04,04,ATLANTICO,BARRANQUILLA,COL.DTAL.LA SALLE,6,urbano
19,061,02,08,HUILA,PITALITO,IE MPAL MONTESSORI SEDE ANTONIO NARIÑO,2,urbano
31,001,19,05,VALLE,CALI,CENTRO  DE CAPACITACION DON BOSCO,19,urbano
19,001,01,01,HUILA,NEIVA,I.E. PROMOCION SOCIAL,17,urbano
50,001,02,01,GUAINIA,INIRIDA,I.E. LA PRIMAVERA,8,urbano
26,050,02,02,QUINDIO,LA TEBAIDA,INSTITUTO EDUC. ANTONIO NARIÑO,1,urbano
16,001,14,02,BOGOTA D.C.,BOGOTA. D.C.,IED REPUBLICA BOLIVARIANA SEDE B,6,urbano
16,001,02,14,BOGOTA D.C.,BOGOTA. D.C.,COLEGIO SIMON  RODRIGUEZ SEDE A,12,urbano
16,001,17,05,BOGOTA D.C.,BOGOTA. D.C.,MURILLO TORO,4,urbano
16,001,05,22,BOGOTA D.C.,BOGOTA. D.C.,PORTAL  USME,11,urbano
44,001,02,02,CAQUETA,FLORENCIA,I.E. ANTONIO RICAURTE,8,urbano
01,001,19,01,ANTIOQUIA,MEDELLIN,I.E. TULIO OSPINA,27,urbano
52,006,00,00,META,BARRANCA DE UPIA,PUESTO  CABECERA MUNICIPAL,3,urbano
13,058,02,03,CORDOBA,TIERRALTA,INST. EDUCATIVA 19 DE MARZO,7,urbano
21,001,08,06,MAGDALENA,SANTA  MARTA,SEDE RECREATIVA COOEDUMAG,11,urbano
23,106,00,00,NARIÑO,PUPIALES,PUESTO  CABECERA MUNICIPAL,2,urbano
05,001,07,04,BOLIVAR,CARTAGENA,SEMINARIO CARTAGENA,7,urbano
16,001,05,26,BOGOTA D.C.,BOGOTA. D.C.,GRAN YOMASA,5,urbano
29,025,00,00,TOLIMA,CARMEN DE APICALA,PUESTO  CABECERA MUNICIPAL,7,urbano
16,001,10,16,BOGOTA D.C.,BOGOTA. D.C.,SANTA  HELENITA,22,urbano
27,001,03,03,SANTANDER,BUCARAMANGA,COL SANTANDER SEDE A,41,urbano
16,001,10,41,BOGOTA D.C.,BOGOTA. D.C.,FERIAS II,13,urbano
01,001,13,06,ANTIOQUIA,MEDELLIN,TECNOLOGICO DE ANTIOQUIA,16,urbano
07,151,00,00,BOYACA,MIRAFLORES,PUESTO  CABECERA MUNICIPAL,4,urbano
31,001,02,03,VALLE,CALI,C.A.M.,16,urbano
12,170,00,00,CESAR,ASTREA,PUESTO  CABECERA MUNICIPAL,4,urbano
31,001,26,04,VALLE,CALI,IETI COMUNA 17,6,urbano
16,001,08,60,BOGOTA D.C.,BOGOTA. D.C.,CENTRO  COMERCIAL EL EDEN,40,urbano
31,001,09,01,VALLE,CALI,COL STA ISABEL   HUNGRIA ALFONSO LOPEZ,18,urbano
16,001,09,11,BOGOTA D.C.,BOGOTA. D.C.,LA LAGUNA,11,urbano
24,001,10,02,RISARALDA,PEREIRA,IE BYRON  GAVIRIA,37,urbano
31,007,00,00,VALLE,ANDALUCIA,PUESTO  CABECERA MUNICIPAL,2,urbano
11,034,00,00,CAUCA,JAMBALO,CENTRO  DOCENTE URBANO MIXTO  JAMBALO,7,urbano
19,061,02,02,HUILA,PITALITO,IE MPAL LICEO SUR ANDINO-SD PRINCIPAL,15,urbano
16,001,08,23,BOGOTA D.C.,BOGOTA. D.C.,COLEGIO LA AMISTAD,10,urbano
64,028,02,01,PUTUMAYO,VALLE DEL GUAMUEZ (LA HO,INSTITUCION EDUCATIVA LA LIBERTAD,11,urbano
31,079,02,07,VALLE,PALMIRA,ESC RICARDO NIETO,4,urbano
03,001,28,01,ATLANTICO,BARRANQUILLA,I E D BARRIO  SIMON  BOLIVAR BTO,12,urbano
31,001,10,03,VALLE,CALI,ESCUELA ANA MARIA  VERNAZA,4,urbano
23,007,00,00,NARIÑO,ALDANA,COLISEO CUBIERTO VICENTE CALVACHE,8,urbano
09,124,02,02,CALDAS,SUPIA,IE SAN VÍCTOR,14,urbano
15,079,00,01,CUNDINAMARCA,FOMEQUE,IED MONSEÑOR AGUSTIN GUTIERREZ,7,urbano
25,001,05,02,NORTE DE SAN,CUCUTA,GUAIMARAL S.HERMOGENES MAZA,22,urbano
16,001,19,59,BOGOTA D.C.,BOGOTA. D.C.,GRAN PLAZA  EL ENSUEÑO,35,urbano
15,169,02,02,CUNDINAMARCA,MOSQUERA,IE LA ARMONIA,16,urbano
31,019,01,01,VALLE,BUENAVENTURA,IE SAN RAFAEL,16,urbano
01,001,02,02,ANTIOQUIA,MEDELLIN,SEC. ESC. DIVINA  PROVIDENCIA,29,urbano
19,079,00,00,HUILA,TARQUI,PUESTO  CABECERA MUNICIPAL,7,urbano
23,016,00,01,NARIÑO,BARBACOAS,I.E. LUIS IRIZAR  SALAZAR,22,urbano
15,052,00,00,CUNDINAMARCA,CHAGUANI,PUESTO  CABECERA MUNICIPAL,3,urbano
19,001,02,01,HUILA,NEIVA,I.E.  NACIONAL SANTA  LIBRADA,27,urbano
25,001,03,01,NORTE DE SAN,CUCUTA,COL PABLO  CORREA  SEDE CLUB DE,3,urbano
25,001,01,03,NORTE DE SAN,CUCUTA,COL SAGRADO CORAZON DE JESUS,8,urbano
01,001,21,05,ANTIOQUIA,MEDELLIN,COL. SAN IGNACIO DE LOYOLA  - SD MAYORES,8,urbano
13,033,00,00,CORDOBA,PUERTO  ESCONDIDO,PUESTO  CABECERA MUNICIPAL,16,urbano
16,001,19,59,BOGOTA D.C.,BOGOTA. D.C.,GRAN PLAZA  EL ENSUEÑO,25,urbano
25,001,01,05,NORTE DE SAN,CUCUTA,IE COL SAN JOSE DE CUCUTA,7,urbano
25,100,01,08,NORTE DE SAN,VILLA DEL ROSARIO,COLEGIO MANUEL ANTONIO RUEDA,3,urbano
21,001,05,01,MAGDALENA,SANTA  MARTA,LICEO SAMARIO SD.2 BAV.BOSTON,14,urbano
16,001,07,05,BOGOTA D.C.,BOGOTA. D.C.,CARLOS  ALBAN,21,urbano
23,085,00,00,NARIÑO,LOS ANDES (SOTOMAYOR),PUESTO  CABECERA MUNICIPAL,11,urbano
24,025,12,02,RISARALDA,DOSQUEBRADAS,COLEGIO SALESIANO,12,urbano
05,001,18,04,BOLIVAR,CARTAGENA,UNIVERSIDAD SAN BUENAVENTURA,13,urbano
27,174,02,01,SANTANDER,SABANA  DE TORRES,ESC COMUNEROS CIME SEDE G,4,urbano
26,040,00,00,QUINDIO,GENOVA,PUESTO  CABECERA MUNICIPAL,19,urbano
16,001,16,12,BOGOTA D.C.,BOGOTA. D.C.,LA PRADERA,2,urbano
31,001,03,02,VALLE,CALI,IE SANTA  CECILIA,12,urbano
26,001,03,01,QUINDIO,ARMENIA,IE ZULDEMAYDA,13,urbano
12,415,00,00,CESAR,EL PASO,PUESTO  CABECERA MUNICIPAL,16,urbano
03,052,11,03,ATLANTICO,SOLEDAD,I.E.NTRA.SRA LAS MISERICORDIAS,14,urbano
31,085,00,00,VALLE,RESTREPO,PUESTO  CABECERA MUNICIPAL,26,urbano
01,001,16,06,ANTIOQUIA,MEDELLIN,IE GABRIEL GARCIA  MARQUEZ,2,urbano
16,001,09,23,BOGOTA D.C.,BOGOTA. D.C.,MODELIA REAL,13,urbano
01,001,20,03,ANTIOQUIA,MEDELLIN,SENA,7,urbano
16,001,01,13,BOGOTA D.C.,BOGOTA. D.C.,PLAZA  MEXICO,6,urbano
12,001,05,07,CESAR,VALLEDUPAR,COL. COMFACESAR,18,urbano
15,247,01,07,CUNDINAMARCA,SOACHA,COLEGIO MILITAR  ALMIRANTE PADILLA,11,urbano
27,001,08,01,SANTANDER,BUCARAMANGA,COL AURELIO MARTINEZ MUTIS SEDE A,13,urbano
15,055,02,02,CUNDINAMARCA,CHIA,IE JOSE ESCRIVA BALAGUER,7,urbano
31,034,02,03,VALLE,CARTAGO,COL MANUEL QUINTERO PENILLA,2,urbano
16,001,12,06,BOGOTA D.C.,BOGOTA. D.C.,METROPOLIS,15,urbano
16,001,15,05,BOGOTA D.C.,BOGOTA. D.C.,CIUDAD  JARDIN,15,urbano
19,061,02,01,HUILA,PITALITO,COL.LA  PRESENTACION,12,urbano
21,016,01,04,MAGDALENA,CIENAGA,I.E.LA MARIA,8,urbano
16,001,07,14,BOGOTA D.C.,BOGOTA. D.C.,ISLANDIA,2,urbano
05,001,08,02,BOLIVAR,CARTAGENA,COL SALESIANOS SAN PEDRO  CLAVE,9,urbano
31,028,02,05,VALLE,CAICEDONIA,SATELITE BOLIVARIANO,2,urbano
29,046,01,03,TOLIMA,ESPINAL,COLISEO MENOR  LA MAGDALENA,7,urbano
07,337,00,00,BOYACA,VENTAQUEMADA,PUESTO  CABECERA MUNICIPAL,27,urbano
01,070,05,01,ANTIOQUIA,CALDAS,I.E. FEDERICO ANGEL,14,urbano
21,031,02,01,MAGDALENA,FUNDACION,I.E. JHON F. KENNEDY 16 DE JULIO,1,urbano
15,169,02,08,CUNDINAMARCA,MOSQUERA,CC ECOPLAZA,5,urbano
15,247,01,11,CUNDINAMARCA,SOACHA,COLEGIO MILITAR  LICEO SOCIAL  COMPARTIR,9,urbano
12,001,05,03,CESAR,VALLEDUPAR,IE EDUARDO SUAREZ  ORCASITA,8,urbano
29,076,02,03,TOLIMA,MARIQUITA,SANTA  LUCIA,4,urbano
52,060,00,02,META,SAN MARTIN  DE LOS LLANOS,INSTITUCION EDUCATIVA MANUELA BELTRAN,7,urbano
27,001,05,05,SANTANDER,BUCARAMANGA,CENTRAL DE ABASTOS,4,urbano
25,019,00,00,NORTE DE SAN,CACHIRA,PUESTO  CABECERA MUNICIPAL,1,urbano
29,001,02,01,TOLIMA,IBAGUE,COLEGIO TOLIMENSE,5,urbano
01,280,02,01,ANTIOQUIA,TURBO,IE SAGRADO CORAZON,1,urbano
09,001,01,05,CALDAS,MANIZALES,COL.FILIPENSE NTRA SRA LOURDE,2,urbano
01,013,01,02,ANTIOQUIA,AMAGA,I.E. NORMAL SUPERIOR AMAGA,11,urbano
16,001,10,03,BOGOTA D.C.,BOGOTA. D.C.,NORMANDIA,8,urbano
01,202,00,00,ANTIOQUIA,PUEBLORRICO,I. E. EL SALVADOR,17,urbano
01,049,04,08,ANTIOQUIA,BELLO,I.E. LA MILAGROSA,7,urbano
01,103,03,02,ANTIOQUIA,COPACABANA,I.E SAN LUIS GONZAGA,1,urbano
01,117,01,01,ANTIOQUIA,EL BAGRE,CTRO DE FORM.  MINERO AMB. SD ROLDAN BL1,12,urbano
16,001,07,23,BOGOTA D.C.,BOGOTA. D.C.,LA ESPERANZA,14,urbano
17,001,03,02,CHOCO,QUIBDO,UNIVERSIDAD TECNOLOGICA,15,urbano
23,001,05,03,NARIÑO,PASTO,I.N.E.M,21,urbano
16,001,04,12,BOGOTA D.C.,BOGOTA. D.C.,SAN ISIDRO,9,urbano
31,001,02,01,VALLE,CALI,INST UNIV ANTONIO JOSE CAMACHO,37,urbano
52,001,08,01,META,VILLAVICENCIO,IE LAS CAMELIAS,13,urbano
15,088,01,02,CUNDINAMARCA,FUNZA,COL TEC IND CORAZON DE MARIA,6,urbano
16,001,09,42,BOGOTA D.C.,BOGOTA. D.C.,TREBOLIS,4,urbano
28,300,02,02,SUCRE,TOLU,INST. EDUCATIVA SD FATIMA  EL PROGRESO,16,urbano
46,001,01,04,CASANARE,YOPAL,COLEGIO DE LA PRESENTACION YOPAL,7,urbano
16,001,18,22,BOGOTA D.C.,BOGOTA. D.C.,LOS MOLINOS II SECTOR,14,urbano
27,091,01,04,SANTANDER,GIRON,COL.LUIS CARLOS  GALAN/SEDE B,6,urbano
01,214,03,02,ANTIOQUIA,RIONEGRO,IT SANTIAGO DE ARMA,18,urbano
29,001,07,01,TOLIMA,IBAGUE,IE TECNICA ALBERTO CASTILLA SD TOPACIO,1,urbano
29,070,00,00,TOLIMA,LERIDA,PUESTO  CABECERA MUNICIPAL,26,urbano
09,049,01,02,CALDAS,LA DORADA,ESC SAN VICENTE,13,urbano
11,013,00,00,CAUCA,CAJIBIO,PUESTO  CABECERA MUNICIPAL,12,urbano
31,001,30,06,VALLE,CALI,ESCUELA GRAN COLOMBIA,15,urbano
01,035,04,02,ANTIOQUIA,APARTADO,I.E. MADRE  LAURA,12,urbano
03,001,31,05,ATLANTICO,BARRANQUILLA,ANTONIO JOSE DE SUCRE SEDE 1,22,urbano
12,225,02,01,CESAR,CURUMANI,INSTITUCIÓN EDUCATIVA SAN JOSE,4,urbano
11,001,05,02,CAUCA,POPAYAN,COLEGIO DON BOSCO,2,urbano
29,013,00,00,TOLIMA,ANZOATEGUI,PUESTO  CABECERA MUNICIPAL,1,urbano
21,031,01,02,MAGDALENA,FUNDACION,IE COLOMBIA,10,urbano
01,172,00,00,ANTIOQUIA,LIBORINA,COLISEO MUNICIPAL,16,urbano
16,001,19,10,BOGOTA D.C.,BOGOTA. D.C.,JUAN PABLO  II,14,urbano
07,181,01,02,BOYACA,PAIPA,I.E.EL ROSARIO SEDE CAMPESTRE,7,urbano
25,001,07,04,NORTE DE SAN,CUCUTA,COL MARIANO OSPINA  RODRIGUEZ,1,urbano
16,001,11,28,BOGOTA D.C.,BOGOTA. D.C.,CENTRO  COMERCIAL MAZUREN,11,urbano
13,037,02,04,CORDOBA,SAHAGUN,I.E. EL CARMEN,7,urbano
03,052,11,04,ATLANTICO,SOLEDAD,I.E.JHON F. KENNEDY,17,urbano
31,001,15,02,VALLE,CALI,ESCUELA SAN ROQUE,30,urbano
31,019,02,06,VALLE,BUENAVENTURA,CENTRO  DOCENTE NELSON  MANDELA,8,urbano
01,100,00,00,ANTIOQUIA,CONCORDIA,I.E DE JESUS,19,urbano
01,001,15,09,ANTIOQUIA,MEDELLIN,IE ESC NORMAL SUPERIOR DE MEDELLIN,5,urbano
07,277,90,01,BOYACA,SOGAMOSO,COLEGIO CELCO,1,urbano
31,001,32,06,VALLE,CALI,COLEGIO POTREROGRANDE,23,urbano
16,001,06,31,BOGOTA D.C.,BOGOTA. D.C.,INSTITUTO TECNICO PILOTO  SEDE C,5,urbano
16,001,11,15,BOGOTA D.C.,BOGOTA. D.C.,PRADO  VERANIEGO,9,urbano
26,010,01,01,QUINDIO,CALARCA,INST.EDUC.SEGUNDO HENAO,16,urbano
29,001,08,05,TOLIMA,IBAGUE,IE JOSE JOAQUIN FLOREZ  SEDE 1,1,urbano
16,001,12,06,BOGOTA D.C.,BOGOTA. D.C.,METROPOLIS,11,urbano
16,001,05,21,BOGOTA D.C.,BOGOTA. D.C.,LA FISCALA,14,urbano
29,001,01,05,TOLIMA,IBAGUE,IE NELSY GARCIA  OCAMPO SEDE 1,4,urbano
15,169,02,01,CUNDINAMARCA,MOSQUERA,COLEGIO ROBERTO VELANDIA,9,urbano
19,001,03,03,HUILA,NEIVA,COL.SALESIANO SAN MEDARDO,21,urbano
05,082,00,00,BOLIVAR,SAN MARTIN  DE LOBA,PUESTO  CABECERA MUNICIPAL,8,urbano
